Postcode,District,Area,Taluka,PostalStatus
410301,Pune,Khandala ,Maval,Sub Office
410302,Pune,R P T S Khandala ,Maval,Sub Office
410401,Pune,Ambavane ,Maval,Branch Office
410401,Pune,Kusgaon Bk ,Maval,Branch Office
410401,Pune,Lonavala Bazar ,Maval,Sub Office
410401,Pune,Lonavala ,Maval,Sub Office
410402,Pune,Ins Shivaji Lonavale ,Maval,Sub Office
410402,Pune,Kurwande ,Maval,Branch Office
410403,Pune,Kaivalyadham ,Maval,Sub Office
410405,Pune,Kamshet ,Maval,Sub Office
410405,Pune,Karanjgaon ,Maval,Branch Office
410405,Pune,Karla ,Maval,Branch Office
410405,Pune,Karunj ,Maval,Branch Office
410405,Pune,Malawali ,Maval,Branch Office
410405,Pune,Nane ,Maval,Branch Office
410405,Pune,Takave Kh ,Maval,Branch Office
410405,Pune,Vehergaon ,Maval,Branch Office
410406,Pune,Pawananagar ,Maval,Sub Office
410406,Pune,Shivali ,Maval,Branch Office
410501,Pune,Ambethan ,Khed,Branch Office
410501,Pune,Bahul ,Khed,Branch Office
410501,Pune,Bhose ,Khed,Branch Office
410501,Pune,Chakan ,Khed,Sub Office
410501,Pune,Gadad ,Khed,Branch Office
410501,Pune,Kalus ,Khed,Branch Office
410501,Pune,Khalumbre ,Khed,Branch Office
410501,Pune,Koyali ,Khed,Branch Office
410501,Pune,Kuruli ,Khed,Branch Office
410501,Pune,Mahalunge Ingale ,Khed,Branch Office
410501,Pune,Nighoje ,Khed,Branch Office
410501,Pune,Pimpalgaon Tarfe Chakan ,Khed,Branch Office
410501,Pune,Rase ,Khed,Branch Office
410501,Pune,Shive ,Khed,Branch Office
410501,Pune,Vadgaon Ghenanad ,Khed,Branch Office
410501,Pune,Vasuli ,Khed,Branch Office
410501,Pune,Waki Bk ,Khed,Branch Office
410502,Pune,Amboli ,Junnar,Branch Office
410502,Pune,Anjanavale ,Junnar,Branch Office
410502,Pune,Aptale ,Junnar,Branch Office
410502,Pune,Ballalwadi ,Junnar,Branch Office
410502,Pune,Chavand ,Junnar,Branch Office
410502,Pune,Devale ,Junnar,Branch Office
410502,Pune,Godre ,Junnar,Branch Office
410502,Pune,Inglun ,Junnar,Branch Office
410502,Pune,Junnar ,Junnar,Sub Office
410502,Pune,Khadkumbe Exptl ,Junnar,Branch Office
410502,Pune,Khamgaon ,Junnar,Branch Office
410502,Pune,Khanapur ,Junnar,Branch Office
410502,Pune,Khangaon ,Junnar,Branch Office
410502,Pune,Kusur ,Junnar,Branch Office
410502,Pune,Manikdoh ,Junnar,Branch Office
410502,Pune,Nimgiri ,Junnar,Branch Office
410502,Pune,Nirgude ,Junnar,Branch Office
410502,Pune,Parunde ,Junnar,Branch Office
410502,Pune,Rajur ,Junnar,Branch Office
410502,Pune,Tambe ,Junnar,Branch Office
410502,Pune,Utchil ,Junnar,Branch Office
410502,Pune,Vadaj ,Junnar,Branch Office
410502,Pune,Yenere ,Junnar,Branch Office
410503,Pune,Chandoli Bk ,Ambegaon,Branch Office
410503,Pune,Landewadi ,Ambegaon,Branch Office
410503,Pune,Manchar ,Ambegaon,Sub Office
410503,Pune,Narodi ,Ambegaon,Branch Office
410503,Pune,Pimpalgaon Mahalunge ,Ambegaon,Branch Office
410503,Pune,Vadgaon Kashimbeg ,Ambegaon,Branch Office
410504,Pune,Hivare Bk ,Junnar,Branch Office
410504,Pune,Jambhut ,Shirur,Branch Office
410504,Pune,Khamundi ,Junnar,Branch Office
410504,Pune,Khodad ,Junnar,Branch Office
410504,Pune,Narayangaon ,Junnar,Sub Office
410504,Pune,Nimgaon Sava ,Junnar,Branch Office
410504,Pune,Ozar ,Junnar,Branch Office
410504,Pune,Pargaon Tarfe Ala ,Junnar,Branch Office
410504,Pune,Pimparkhed ,Shirur,Branch Office
410504,Pune,Pimpri Pendhar ,Junnar,Branch Office
410504,Pune,Ranjani ,Ambegaon,Branch Office
410504,Pune,Valati ,Ambegaon,Branch Office
410504,Pune,Yedgaon ,Junnar,Branch Office
410505,Pune,Amboli ,Khed,Branch Office
410505,Pune,Chinchoshi ,Khed,Branch Office
410505,Pune,Dawadi ,Khed,Branch Office
410505,Pune,Donda ,Khed,Branch Office
410505,Pune,Ghotawadi ,Khed,Branch Office
410505,Pune,Gulani ,Khed,Branch Office
410505,Pune,Kanhersar ,Khed,Branch Office
410505,Pune,Kiwale ,Khed,Branch Office
410505,Pune,Kude Bk ,Khed,Branch Office
410505,Pune,Kurkundi ,Khed,Branch Office
410505,Pune,Nimgaon Khed ,Khed,Branch Office
410505,Pune,Pait ,Khed,Branch Office
410505,Pune,Palu ,Khed,Branch Office
410505,Pune,Pimpri Bk ,Khed,Branch Office
410505,Pune,Rajgurunagar ,Khed,Sub Office
410505,Pune,Retwadi ,Khed,Branch Office
410505,Pune,Sandbhorwadi Exptl ,Khed,Branch Office
410505,Pune,Shiroli ,Khed,Branch Office
410505,Pune,Vaphgaon ,Khed,Branch Office
410505,Pune,Varude ,Khed,Branch Office
410505,Pune,Yeniye Bk ,Khed,Branch Office
410506,Pune,Adhale Bk ,Maval,Branch Office
410506,Pune,Bebedhol ,Maval,Branch Office
410506,Pune,Chandkhed ,Maval,Branch Office
410506,Pune,Dhamane ,Maval,Branch Office
410506,Pune,Kasarsai ,Mulshi,Branch Office
410506,Pune,Ordanance Dep Talegaon Dabhade ,Maval,Sub Office
410506,Pune,Shiavane ,Maval,Branch Office
410506,Pune,Talegaon Dabhade ,Maval,Sub Office
410506,Pune,Urse ,Maval,Branch Office
410507,Pune,Ambale ,Maval,Branch Office
410507,Pune,Ambi ,Maval,Branch Office
410507,Pune,Induri ,Maval,Branch Office
410507,Pune,Talegaon G H ,Maval,Sub Office
410507,Pune,Umbre Navlakh ,Maval,Branch Office
410507,Pune,Varale ,Maval,Branch Office
410507,Pune,Vishnupuri ,Maval,Branch Office
410508,Pune,Dhamani ,Ambegaon,Sub Office
410509,Pune,Adivare ,Ambegaon,Branch Office
410509,Pune,Asane ,Ambegaon,Branch Office
410509,Pune,Bhimashankar ,Khed,Branch Office
410509,Pune,Bhorghar ,Ambegaon,Branch Office
410509,Pune,Dimbhe Colony ,Ambegaon,Sub Office
410509,Pune,Gohe Bk ,Ambegaon,Branch Office
410509,Pune,Jambhori ,Ambegaon,Branch Office
410509,Pune,Kondhwal ,Ambegaon,Branch Office
410509,Pune,Kushire Bk ,Ambegaon,Branch Office
410509,Pune,Phulawade ,Ambegaon,Branch Office
410509,Pune,Pokhari ,Ambegaon,Branch Office
410509,Pune,Rajpur ,Ambegaon,Branch Office
410509,Pune,Taleghar ,Ambegaon,Branch Office
410509,Pune,Tirpad ,Ambegaon,Branch Office
410510,Pune,Loni Dhamani ,Ambegaon,Sub Office
410510,Pune,Savindane ,Shirur,Branch Office
410510,Pune,Vadgaon Peer ,Ambegaon,Branch Office
410511,Pune,Kuran ,Junnar,Branch Office
410511,Pune,Shiroli B K ,Junnar,Sub Office
410512,Pune,Karegaon ,Khed,Branch Office
410512,Pune,Kurwandi ,Ambegaon,Branch Office
410512,Pune,Pargaon Tarfe Khed ,Khed,Branch Office
410512,Pune,Peth Pune ,Khed,Sub Office
410512,Pune,Thugaon ,Ambegaon,Branch Office
410513,Pune,Bibi ,Khed,Branch Office
410513,Pune,Chas Pune ,Khed,Sub Office
410513,Pune,Kadadhe ,Khed,Branch Office
410513,Pune,Tiwai Hills ,Khed,Branch Office
410515,Pune,Chas ,Ambegaon,Branch Office
410515,Pune,Kalamb Pune ,Ambegaon,Sub Office
410515,Pune,Mahalunge Padwal ,Ambegaon,Branch Office
410515,Pune,Sakore ,Ambegaon,Branch Office
410516,Pune,Gangapur Kh ,Ambegaon,Branch Office
410516,Pune,Shinoli ,Ambegaon,Sub Office
411001,Pune,C D A O ,Pune City,Sub Office
411001,Pune,Dr B A Chowk ,Pune City,Sub Office
411001,Pune,Ghorpuri Bazar ,Pune City,Sub Office
411001,Pune,N W College ,Pune City,Sub Office
411001,Pune,Pune Cantt East ,Pune City,Sub Office
411001,Pune,Pune ,Pune City,Head Office
411001,Pune,Pune New Bazar ,Pune City,Sub Office
411001,Pune,Sachapir Street ,Pune City,Sub Office
411002,Pune,Bajirao Road ,Pune City,Sub Office
411002,Pune,Kapad Ganj ,Pune City,Sub Office
411002,Pune,Nana Peth ,Pune City,Sub Office
411002,Pune,Pune City ,Pune City,Head Office
411002,Pune,Raviwar Peth ,Pune City,Sub Office
411002,Pune,Shukrawar Peth Pune ,Pune City,Sub Office
411003,Pune,Ammunition Factory Khadki ,Pune City,Sub Office
411003,Pune,East Khadki ,Pune City,Sub Office
411003,Pune,H E Factory ,Pune City,Sub Office
411003,Pune,Khadki Bazar ,Pune City,Sub Office
411003,Pune,Khadki ,Pune City,Sub Office
411004,Pune,A R Shala ,Pune City,Sub Office
411004,Pune,Deccan Gymkhana ,Pune City,Sub Office
411004,Pune,Film Institute ,Pune City,Sub Office
411005,Pune,Congress House Road ,Pune City,Sub Office
411005,Pune,S S C Exam Board ,Pune City,Sub Office
411005,Pune,Shivajinagar Pune ,Pune City,Sub Office
411005,Pune,Shivajinagar ,Haveli,Head Office
411006,Pune,Yerwada ,Pune City,Sub Office
411006,Pune,Yerwada T S ,Pune City,Sub Office
411007,Pune,Aundh ,Haveli,Branch Office
411007,Pune,Aundh T S ,Pune City,Sub Office
411007,Pune,Ganeshkhind ,Pune City,Sub Office
411008,Pune,Baner Road ,Pune City,Sub Office
411008,Pune,N C L Pune ,Pune City,Sub Office
411008,Pune,Baner Pashan Link Road ,Pune City,Sub Office
411008,Pune,Pride Platinum Baner ,Pune City,Sub Office
411009,Pune,Parvati Gaon ,Pune City,Sub Office
411009,Pune,Parvati ,Pune City,Sub Office
411011,Pune,Kasba Peth ,Pune City,Sub Office
411011,Pune,Mangalwar Peth Pune ,Pune City,Sub Office
411011,Pune,Rasta Peth ,Pune City,Sub Office
411012,Pune,Dapodi Bazar ,Pune City,Sub Office
411012,Pune,Dapodi ,Pune City,Sub Office
411013,Pune,Hadpsar I E ,Pune City,Sub Office
411014,Pune,9 Drd ,Pune City,Branch Office
411014,Pune,Dukirkline ,Pune City,Sub Office
411014,Pune,Vadgaon Sheri ,Pune City,Sub Office
411014,Pune,Viman Nagar ,Pune,Sub Office
411015,Pune,Dhanori ,Pune City,Branch Office
411015,Pune,Dighi Camp ,Pune City,Sub Office
411015,Pune,Vishrantwadi ,Pune City,Sub Office
411016,Pune,Gokhalenagar ,Haveli,Branch Office
411016,Pune,Govt Polytechnic ,Pune City,Sub Office
411016,Pune,Model Colony ,Pune City,Sub Office
411016,Pune,Shivaji Housing Society ,Pune City,Sub Office
411017,Pune,Kalewadi ,Pune City,Branch Office
411017,Pune,Pimpri Colony ,Pune City,Sub Office
411017,Pune,Pimpri Waghire ,Pune City,Sub Office
411018,Pune,Masulkar Colony ,Pune City,Sub Office
411018,Pune,Nehrunagar Pune ,Pune City,Sub Office
411018,Pune,Pimpri P F ,Pune City,Sub Office
411019,Pune,Chinchwad East ,Pune City,Sub Office
411019,Pune,M Phulenagar ,Pune City,Sub Office
411020,Pune,Botanical Garden Pune ,Pune City,Sub Office
411020,Pune,Range Hills ,Pune City,Sub Office
411021,Pune,Armament ,Pune City,Sub Office
411021,Pune,Bavdhan ,Haveli,Branch Office
411021,Pune,Sus ,Haveli,Branch Office
411021,Pune,Sus Road ,Haveli,Branch Office
411021,Pune,Chandni Chowk Bavdhan ,Haveli,Branch Office
411022,Pune,Srpf ,Pune City,Sub Office
411023,Pune,Kudje ,Haveli,Branch Office
411023,Pune,Mandvi Bk ,Haveli,Branch Office
411023,Pune,N D A Khadakwasla ,Pune City,Sub Office
411023,Pune,Shivane ,Haveli,Branch Office
411023,Pune,Uttamnagar ,Haveli,Branch Office
411024,Pune,Khadakwasla R S ,Pune City,Sub Office
411025,Pune,Donje ,Haveli,Branch Office
411025,Pune,I A T ,Haveli,Sub Office
411025,Pune,Khanapur Haveli ,Haveli,Branch Office
411025,Pune,Osade ,Haveli,Branch Office
411025,Pune,Ranjane ,Haveli,Branch Office
411025,Pune,Vardade ,Haveli,Branch Office
411026,Pune,Bhosari I E ,Pune City,Sub Office
411026,Pune,Indrayaninagar ,Pune City,Sub Office
411027,Pune,Aundh Camp ,Pune City East,Sub Office
411027,Pune,Sangavi ,Pune City,Sub Office
411027,Pune,Pimple Saudagar ,Pune City,Branch Office
411027,Pune,Kunal Icon Pimple Saudagar ,Pune City,Branch Office
411027,Pune,Roseland Residency Pimple Saudagar ,Pune City,Branch Office
411028,Pune,Gondhale Nagar ,Pune,Sub Office
411028,Pune,Hadapsar ,Pune City,Sub Office
411028,Pune,Sasanenagar ,Pune City,Sub Office
411030,Pune,Lokmanyanagar ,Pune City,Sub Office
411030,Pune,Narayan Peth ,Pune City,Sub Office
411030,Pune,Rashtra Bhasha Bhavan ,Pune City,Sub Office
411030,Pune,S P College ,Pune City,Sub Office
411030,Pune,Sadashiv Peth ,Pune City,Sub Office
411030,Pune,Shaniwar Peth Pune ,Pune City,Sub Office
411031,Pune,C M E ,Pune City,Sub Office
411032,Pune,Airport Pune ,Pune City,Sub Office
411032,Pune,Iaf Station ,Pune City,Sub Office
411032,Pune,Vidyanagar Pune ,Pune City,Sub Office
411033,Pune,Chinchwadgaon ,Pune City,Sub Office
411033,Pune,Jambhe ,Mulshi,Branch Office
411033,Pune,Punawale ,Pune City,Branch Office
411033,Pune,Thathawade ,Pune City,Branch Office
411033,Pune,Thergaon ,Pune City,Branch Office
411034,Pune,Kasarwadi ,Pune City,Sub Office
411035,Pune,Akurdi ,Pune City,Sub Office
411036,Pune,Mundhva Av ,Pune City,Sub Office
411036,Pune,Mundhva ,Pune City,Branch Office
411037,Pune,Bibvewadi ,Pune City,Sub Office
411037,Pune,Market Yard Pune ,Pune City,Sub Office
411037,Pune,Salisbury Park ,Pune City,Sub Office
411037,Pune,T V Nagar ,Pune City,Sub Office
411038,Pune,Bhusari Colony ,Pune City,Sub Office
411038,Pune,Ex Serviceman Colony ,Pune City,Sub Office
411038,Pune,Kothrud ,Pune City,Sub Office
411039,Pune,Bhosarigoan ,Pune City,Sub Office
411040,Pune,Afmc ,Pune City,Sub Office
411040,Pune,Wanowarie ,Pune City,Sub Office
411041,Pune,Dhayari ,Haveli,Branch Office
411041,Pune,Nanded ,Haveli,Branch Office
411041,Pune,Sinhgad Technical Education Society ,Haveli,Sub Office
411041,Pune,Vadgaon Budruk ,Pune City,Sub Office
411042,Pune,Bhavani Peth ,Pune City,Sub Office
411042,Pune,Ghorpade Peth ,Pune City,Sub Office
411042,Pune,Guruwar Peth ,Pune City,Sub Office
411042,Pune,Swargate Chowk ,Pune City,Sub Office
411042,Pune,Swargate ,Pune City,Sub Office
411043,Pune,Dhankawadi ,Pune City,Sub Office
411044,Pune,P C N T ,Pune City,Sub Office
411044,Pune,Yamunanagar ,Pune City,Sub Office
411045,Pune,Baner Gaon ,Haveli,Branch Office
411045,Pune,N I A ,Pune City,Sub Office
411045,Pune,Balewadi ,Haveli,Branch Office
411045,Pune,Balewadi Phata ,Haveli,Branch Office
411045,Pune,Balewadi Stadium ,Haveli,Branch Office
411045,Pune,Kool Homes Arena Balewadi ,Haveli,Branch Office
411045,Pune,Orvi Society Balewadi ,Haveli,Branch Office
411046,Pune,Ambegaon Bk ,Haveli,Branch Office
411046,Pune,Katraj ,Pune City,Sub Office
411047,Pune,Lohogaon ,Pune City,Sub Office
411048,Pune,Khondhwa Kh ,Pune City,Branch Office
411048,Pune,Kondhwa Bk ,Pune City,Branch Office
411048,Pune,Kondhwa Lh ,Pune City,Branch Office
411048,Pune,N I B M ,Pune City,Sub Office
411051,Pune,Anandnagar Pune ,Pune City,Sub Office
411052,Pune,Karvenagar ,Pune City,Sub Office
411052,Pune,Navsahyadri ,Pune City,Sub Office
411057,Pune,Hinjawadi Infotech Park ,Haveli,Sub Office
411057,Pune,Marunji ,Mulshi,Branch Office
411057,Pune,Wakad ,Pune City,Branch Office
411057,Pune,Hinjawadi Phase 1 ,Haveli,Sub Office
411057,Pune,Hinjawadi Phase 2 ,Haveli,Sub Office
411057,Pune,Hinjawadi Phase 3 ,Haveli,Sub Office
411057,Pune,Life Republic Kolte Patil Marunji ,Mulshi,Branch Office
411057,Pune,Blue Ridge Hinjawadi ,Haveli,Sub Office
411057,Pune,Megapolis Hinjawadi ,Haveli,Sub Office
411058,Pune,Warje ,Pune City,Sub Office
411060,Pune,Mohamadwadi ,Pune City,Sub Office
411061,Pune,Pimple Gurav ,Haveli,Sub Office
411062,Pune,Chikhali ,Haveli,Sub Office
411062,Pune,Rupeenagar ,Pune City,Sub Office
411062,Pune,Talwade ,Pune City,Branch Office
412101,Pune,Cod Dehu Road ,Haveli,Sub Office
412101,Pune,Dehu Road Cantt ,Haveli,Sub Office
412101,Pune,Kiwale ,Haveli,Branch Office
412101,Pune,Ordnance Factory Dehu Road ,Haveli,Sub Office
412101,Pune,Ravet ,Haveli,Branch Office
412101,Pune,Salumbre ,Maval,Branch Office
412102,Pune,Gulunche ,Purandar,Branch Office
412102,Pune,Khandobachi Wadi ,Baramati,Branch Office
412102,Pune,Nimbut ,Baramati,Branch Office
412102,Pune,Nira R S ,Baramati,Sub Office
412103,Pune,Korhale Bk ,Baramati,Branch Office
412103,Pune,Korhale Kh ,Baramati,Branch Office
412103,Pune,Late ,Baramati,Branch Office
412103,Pune,Vadgaon Nimbalkar ,Baramati,Sub Office
412104,Pune,Gurholi ,Purandar,Branch Office
412104,Pune,Malshiras ,Purandar,Branch Office
412104,Pune,Naygaon ,Purandar,Branch Office
412104,Pune,Pargaon Memane ,Purandar,Branch Office
412104,Pune,Pisarve ,Purandar,Branch Office
412104,Pune,Rajewadi ,Purandar,Sub Office
412104,Pune,Rajuri ,Purandar,Branch Office
412104,Pune,Tekawade ,Purandar,Branch Office
412104,Pune,Waghapur ,Purandar,Branch Office
412105,Pune,Alandi Devachi ,Khed,Sub Office
412105,Pune,Charoli Bk ,Khed,Branch Office
412105,Pune,Chimbli ,Khed,Branch Office
412105,Pune,Dhanore ,Khed,Branch Office
412105,Pune,Markal ,Khed,Branch Office
412105,Pune,Moshi ,Haveli,Branch Office
412105,Pune,Solu ,Khed,Branch Office
412106,Pune,Bhoyare ,Maval,Branch Office
412106,Pune,Inglun ,Maval,Branch Office
412106,Pune,Kanhe ,Maval,Branch Office
412106,Pune,Khandi ,Maval,Branch Office
412106,Pune,Sate ,Maval,Branch Office
412106,Pune,Takawe Bk ,Maval,Branch Office
412106,Pune,Vadeshwar ,Maval,Branch Office
412106,Pune,Vadgaon Pune ,Maval,Sub Office
412107,Pune,Kadve ,Velhe,Branch Office
412107,Pune,Kambegi ,Velhe,Branch Office
412107,Pune,Kashedi ,Velhe,Branch Office
412107,Pune,Kuran Bk ,Velhe,Branch Office
412107,Pune,Mangaon ,Velhe,Branch Office
412107,Pune,Mose Kh ,Velhe,Branch Office
412107,Pune,Panshet ,Mulshi,Sub Office
412107,Pune,Rule ,Velhe,Branch Office
412107,Pune,Shirkoli ,Velhe,Branch Office
412107,Pune,Tav ,Mulshi,Branch Office
412108,Pune,Belawade ,Mulshi,Branch Office
412108,Pune,Bhadas ,Mulshi,Branch Office
412108,Pune,Kashing ,Mulshi,Branch Office
412108,Pune,Khechare ,Mulshi,Branch Office
412108,Pune,Kolwan ,Mulshi,Branch Office
412108,Pune,Kondhawale ,Mulshi,Branch Office
412108,Pune,Kule ,Mulshi,Branch Office
412108,Pune,Male ,Mulshi,Branch Office
412108,Pune,Nandgaon ,Mulshi,Branch Office
412108,Pune,Paud ,Mulshi,Sub Office
412108,Pune,Pomgaon ,Mulshi,Branch Office
412108,Pune,Shere ,Mulshi,Branch Office
412109,Pune,Dehu ,Haveli,Sub Office
412109,Pune,Sadumbre ,Haveli,Branch Office
412110,Pune,Kolwadi ,Haveli,Branch Office
412110,Pune,Naygaon ,Haveli,Branch Office
412110,Pune,Theur ,Haveli,Sub Office
412112,Pune,Dasve Lavasa ,Mulshi,Sub Office
412115,Pune,Ambarvet ,Mulshi,Branch Office
412115,Pune,Andgaon ,Mulshi,Branch Office
412115,Pune,Bhugaon ,Mulshi,Branch Office
412115,Pune,Bhukum ,Mulshi,Branch Office
412115,Pune,Ghotavade ,Mulshi,Branch Office
412115,Pune,Khamboli ,Mulshi,Branch Office
412115,Pune,Kolawade ,Mulshi,Branch Office
412115,Pune,Lawale ,Mulshi,Branch Office
412115,Pune,Muthe ,Mulshi,Branch Office
412115,Pune,Pirangut ,Mulshi,Sub Office
412115,Pune,Rihe ,Mulshi,Branch Office
412115,Pune,Sangrun ,Haveli,Branch Office
412115,Pune,Uravade ,Mulshi,Branch Office
412201,Pune,Alandi Chorachi ,Haveli,Branch Office
412201,Pune,Kadam Wak Wasti ,Haveli,Branch Office
412201,Pune,Kunjirwadi ,Haveli,Branch Office
412201,Pune,Loni Kalbhor ,Haveli,Sub Office
412202,Pune,Bori Aindi ,Daund,Branch Office
412202,Pune,Kamdhenunagar ,Haveli,Branch Office
412202,Pune,Koregaon Mul ,Haveli,Branch Office
412202,Pune,Sahajpurwadi ,Haveli,Branch Office
412202,Pune,Shindavane ,Haveli,Branch Office
412202,Pune,Shriprayagdham ,Haveli,Branch Office
412202,Pune,Urulikanchan ,Haveli,Sub Office
412203,Pune,Bet Narayan Maharaj ,Daund,Branch Office
412203,Pune,Bori Paradhi ,Daund,Branch Office
412203,Pune,Galandwadi ,Daund,Branch Office
412203,Pune,Kedgaon Pune ,Daund,Sub Office
412203,Pune,Khopodi ,Daund,Branch Office
412203,Pune,Khor ,Daund,Branch Office
412203,Pune,Khutbhav ,Daund,Branch Office
412203,Pune,Nangaon ,Daund,Branch Office
412203,Pune,Padvi ,Daund,Branch Office
412203,Pune,Pargaon ,Daund,Branch Office
412204,Pune,Babhurdi ,Baramati,Branch Office
412204,Pune,Bhondave Wadi ,Baramati,Branch Office
412204,Pune,Karhati ,Baramati,Branch Office
412204,Pune,Supa Pune ,Baramati,Sub Office
412205,Pune,Alande ,Bhor,Branch Office
412205,Pune,Anantnagar Nigade ,Bhor,Branch Office
412205,Pune,Arvi Haveli ,Haveli,Branch Office
412205,Pune,Bhongavali ,Bhor,Branch Office
412205,Pune,Dhangavadi ,Bhor,Branch Office
412205,Pune,Gogalwadi E ,Haveli,Branch Office
412205,Pune,Kalyan ,Haveli,Branch Office
412205,Pune,Kapurhol ,Bhor,Branch Office
412205,Pune,Kenjal ,Bhor,Branch Office
412205,Pune,Ketkavale ,Purandar,Branch Office
412205,Pune,Khed Shivapur ,Haveli,Branch Office
412205,Pune,Khed Shivapur Baug ,Haveli,Sub Office
412205,Pune,Kikvi ,Bhor,Branch Office
412205,Pune,Kondhanpur ,Haveli,Branch Office
412205,Pune,Kusgaon ,Bhor,Branch Office
412205,Pune,Nhavi ,Bhor,Branch Office
412205,Pune,Sarole ,Bhor,Branch Office
412205,Pune,Shindewadi ,Bhor,Branch Office
412205,Pune,Shivare ,Bhor,Branch Office
412205,Pune,Taparewadi ,Bhor,Branch Office
412205,Pune,Varye Bk ,Bhor,Branch Office
412205,Pune,Velu ,Bhor,Branch Office
412206,Pune,Ambade ,Bhor,Branch Office
412206,Pune,Ambavade ,Bhor,Branch Office
412206,Pune,Ambeghar ,Bhor,Branch Office
412206,Pune,Apti ,Bhor,Branch Office
412206,Pune,Bari Bk ,Bhor,Branch Office
412206,Pune,Bazarwadi ,Bhor,Branch Office
412206,Pune,Bhor ,Bhor,Sub Office
412206,Pune,Bhutonde ,Bhor,Branch Office
412206,Pune,Chikhalgaon ,Bhor,Branch Office
412206,Pune,Harnas ,Bhor,Branch Office
412206,Pune,Hirdoshi ,Bhor,Branch Office
412206,Pune,Jogwadi ,Bhor,Branch Office
412206,Pune,Kanakwadi ,Bhor,Branch Office
412206,Pune,Karandi Bk ,Bhor,Branch Office
412206,Pune,Kari ,Bhor,Branch Office
412206,Pune,Karnawad ,Bhor,Branch Office
412206,Pune,Khanapur ,Bhor,Branch Office
412206,Pune,Mahude Bk ,Bhor,Branch Office
412206,Pune,Male ,Bhor,Branch Office
412206,Pune,Malewadi ,Bhor,Branch Office
412206,Pune,Natambi ,Bhor,Branch Office
412206,Pune,Nazare ,Bhor,Branch Office
412206,Pune,Nere ,Bhor,Branch Office
412206,Pune,Pangari ,Bhor,Branch Office
412206,Pune,Pasure ,Bhor,Branch Office
412206,Pune,Pisavare ,Bhor,Branch Office
412206,Pune,Rayari ,Bhor,Branch Office
412206,Pune,Sangamner ,Bhor,Branch Office
412206,Pune,Sangavi ,Bhor,Branch Office
412206,Pune,Shind ,Bhor,Branch Office
412206,Pune,Shirgaon ,Bhor,Branch Office
412206,Pune,Titeghar ,Bhor,Branch Office
412206,Pune,Utroli ,Bhor,Branch Office
412206,Pune,Vadgaon Dalache ,Bhor,Branch Office
412206,Pune,Varodi Kh ,Bhor,Branch Office
412206,Pune,Velvand ,Bhor,Branch Office
412206,Pune,Venavadi ,Bhor,Branch Office
412207,Pune,Ashtapur ,Haveli,Branch Office
412207,Pune,Dahitane ,Haveli,Branch Office
412207,Pune,Kesnand ,Haveli,Branch Office
412207,Pune,Koregaon Bhivar ,Haveli,Branch Office
412207,Pune,Rahu ,Daund,Branch Office
412207,Pune,Telewadi ,Daund,Branch Office
412207,Pune,Vadebholhai ,Haveli,Branch Office
412207,Pune,Vagholi ,Haveli,Sub Office
412207,Pune,Walki ,Daund,Branch Office
412208,Pune,Burunjwadi ,Shirur,Branch Office
412208,Pune,Dhanore ,Shirur,Branch Office
412208,Pune,Hivare ,Shirur,Branch Office
412208,Pune,Jategaon Bk ,Shirur,Branch Office
412208,Pune,Karandi ,Shirur,Branch Office
412208,Pune,Kasari ,Shirur,Branch Office
412208,Pune,Mukhai ,Shirur,Branch Office
412208,Pune,Sanaswadi ,Shirur,Branch Office
412208,Pune,Shikrapur ,Pune Moffusil,Sub Office
412208,Pune,Takali Bhima ,Shirur,Branch Office
412208,Pune,Talegaon Dhamdhere ,Shirur,Sub Office
412208,Pune,Vithalwadi ,Shirur,Branch Office
412209,Pune,Bhamburde ,Shirur,Branch Office
412209,Pune,Ganegaon Khalasa ,Shirur,Branch Office
412209,Pune,Karanjawane ,Shirur,Branch Office
412209,Pune,Kondhapuri ,Shirur,Branch Office
412209,Pune,Nimgaon Mahalungi ,Shirur,Branch Office
412209,Pune,Ranjangaon Ganpati ,Shirur,Sub Office
412209,Pune,Varude ,Shirur,Branch Office
412210,Pune,Golegaon ,Shirur,Branch Office
412210,Pune,Inamgaon ,Shirur,Branch Office
412210,Pune,Karda ,Shirur,Branch Office
412210,Pune,Nimone ,Shirur,Branch Office
412210,Pune,Nirvi ,Shirur,Branch Office
412210,Pune,Shirasgaonkata ,Shirur,Branch Office
412210,Pune,Shirur Pune ,Shirur,Sub Office
412211,Pune,Alegaon ,Shirur,Branch Office
412211,Pune,Amble ,Shirur,Branch Office
412211,Pune,Andhalgaon ,Shirur,Branch Office
412211,Pune,Chinchani Camp ,Shirur,Branch Office
412211,Pune,Ganegaon Dumala ,Shirur,Branch Office
412211,Pune,Mandavgan Farata ,Shirur,Branch Office
412211,Pune,Nhavare ,Shirur,Sub Office
412211,Pune,Ranjangaon Sandas ,Shirur,Branch Office
412211,Pune,Sadalgaon ,Shirur,Branch Office
412211,Pune,Tandali ,Shirur,Branch Office
412211,Pune,Uralgaon ,Shirur,Branch Office
412211,Pune,Vadgaon Rasai ,Shirur,Branch Office
412212,Pune,Antroli ,Velhe,Branch Office
412212,Pune,Kodapur ,Velhe,Branch Office
412212,Pune,Pabe ,Velhe,Branch Office
412212,Pune,Varoti Bk ,Velhe,Branch Office
412212,Pune,Velhe ,Velhe,Sub Office
412213,Pune,Ambavane ,Bhor,Branch Office
412213,Pune,Dapode ,Bhor,Branch Office
412213,Pune,Degaon ,Bhor,Branch Office
412213,Pune,Gunjawane ,Bhor,Branch Office
412213,Pune,Hatve Bk ,Bhor,Branch Office
412213,Pune,Jambhali Bk ,Bhor,Branch Office
412213,Pune,Kamthadi ,Bhor,Branch Office
412213,Pune,Karandi Khedebare ,Bhor,Branch Office
412213,Pune,Karanjawane ,Bhor,Branch Office
412213,Pune,Kelawade ,Bhor,Branch Office
412213,Pune,Kolwadi ,Bhor,Branch Office
412213,Pune,Kurungwadi ,Bhor,Branch Office
412213,Pune,Manjal Asani ,Bhor,Branch Office
412213,Pune,Margasni ,Bhor,Branch Office
412213,Pune,Nasrapur ,Bhor,Sub Office
412213,Pune,Sakhar ,Bhor,Branch Office
412213,Pune,Tambad ,Bhor,Branch Office
412213,Pune,Wangani ,Velhe,Branch Office
412213,Pune,Winzer ,Velhe,Branch Office
412214,Pune,Bhandgaon ,Daund,Branch Office
412214,Pune,Delwadi ,Daund,Branch Office
412214,Pune,Kasurdi ,Daund,Branch Office
412214,Pune,Khamgaon Bk ,Daund,Branch Office
412214,Pune,Nathachi Wadi ,Daund,Branch Office
412214,Pune,Rahu Pimpalgaon ,Daund,Branch Office
412214,Pune,Yavat R S ,Daund,Branch Office
412214,Pune,Yavat ,Daund,Sub Office
412215,Pune,Kadethan ,Daund,Branch Office
412215,Pune,Varvand ,Daund,Sub Office
412216,Pune,Fulgaon ,Haveli,Branch Office
412216,Pune,Koregaon Bhima ,Haveli,Sub Office
412216,Pune,Lonikand ,Haveli,Branch Office
412216,Pune,Perne ,Haveli,Branch Office
412216,Pune,Pimpri Sandas ,Haveli,Branch Office
412216,Pune,Vadhu Bk ,Haveli,Branch Office
412218,Pune,Amdabad ,Shirur,Branch Office
412218,Pune,Chincholi ,Shirur,Branch Office
412218,Pune,Kanhur ,Shirur,Branch Office
412218,Pune,Kawtha ,Shirur,Branch Office
412218,Pune,Malthan ,Shirur,Sub Office
412218,Pune,Taklihaji ,Shirur,Branch Office
412219,Pune,Kangaon ,Daund,Branch Office
412219,Pune,Kusgaon ,Daund,Branch Office
412219,Pune,Madhukarnagar Patas ,Daund,Sub Office
412219,Pune,Patas ,Daund,Branch Office
412219,Pune,Roti ,Daund,Branch Office
412220,Pune,Karegaon ,Shirur,Branch Office
412220,Pune,Midc Ranjangaon Ganpati ,Shirur,Sub Office
412220,Pune,Nimgaon Bhogi ,Shirur,Branch Office
412301,Pune,Bhivadi ,Purandar,Branch Office
412301,Pune,Bhivari ,Purandar,Branch Office
412301,Pune,Bopgaon ,Purandar,Branch Office
412301,Pune,Chambli ,Purandar,Branch Office
412301,Pune,Diwa ,Purandar,Branch Office
412301,Pune,Garade ,Purandar,Branch Office
412301,Pune,Hivare ,Purandar,Branch Office
412301,Pune,Khalad ,Purandar,Branch Office
412301,Pune,Kodit ,Purandar,Branch Office
412301,Pune,Panawadi ,Purandar,Branch Office
412301,Pune,Pangare ,Purandar,Branch Office
412301,Pune,Pimple ,Purandar,Branch Office
412301,Pune,Saswad ,Purandar,Sub Office
412301,Pune,Shivari ,Purandar,Branch Office
412301,Pune,Sonari ,Purandar,Branch Office
412301,Pune,Sopannagar ,Purandar,Sub Office
412301,Pune,Vanpuri ,Purandar,Branch Office
412303,Pune,Belsar ,Purandar,Branch Office
412303,Pune,Javalarjun ,Purandar,Branch Office
412303,Pune,Jejuri ,Purandar,Sub Office
412303,Pune,Kolvihire ,Purandar,Branch Office
412303,Pune,Kothale ,Purandar,Branch Office
412303,Pune,Mavdi Kade Pathar ,Purandar,Branch Office
412303,Pune,Nazare Kade Pathar ,Purandar,Branch Office
412303,Pune,Pandheshwar ,Purandar,Branch Office
412303,Pune,Pimpri ,Purandar,Branch Office
412303,Pune,Ranmala ,Purandar,Branch Office
412303,Pune,Sakurde ,Purandar,Branch Office
412303,Pune,Walunj ,Purandar,Branch Office
412304,Pune,Morgaon ,Baramati,Sub Office
412304,Pune,Murti Modhave ,Baramati,Branch Office
412305,Pune,Daundaj ,Purandar,Branch Office
412305,Pune,Harni ,Purandar,Branch Office
412305,Pune,Jeur ,Purandar,Branch Office
412305,Pune,Mandki ,Purandar,Branch Office
412305,Pune,Pingori ,Purandar,Branch Office
412305,Pune,Rakh ,Purandar,Branch Office
412305,Pune,Valha ,Purandar,Sub Office
412306,Pune,Hol ,Baramati,Branch Office
412306,Pune,Karanje ,Baramati,Branch Office
412306,Pune,Murum ,Baramati,Branch Office
412306,Pune,Someshwarnagar ,Baramati,Sub Office
412306,Pune,Waki ,Baramati,Branch Office
412307,Pune,Manjari Bk ,Haveli,Branch Office
412307,Pune,Manjari Farm ,Haveli,Sub Office
412308,Pune,Phursungi ,Haveli,Sub Office
412308,Pune,Uruli Devachi ,Haveli,Branch Office
412308,Pune,Vadki ,Haveli,Branch Office
412311,Pune,Dawanewadi ,Purandar,Branch Office
412311,Pune,Hargude ,Purandar,Branch Office
412311,Pune,Kaldari ,Purandar,Branch Office
412311,Pune,Mahur ,Purandar,Branch Office
412311,Pune,Mandhar ,Purandar,Branch Office
412311,Pune,Parinche ,Purandar,Sub Office
412312,Pune,Tondal ,Purandar,Branch Office
412312,Pune,Veer ,Purandar,Sub Office
412401,Pune,Arvi Pune ,Junnar,Sub Office
412401,Pune,Gunjalwadi ,Junnar,Branch Office
412401,Pune,Pimpalgaon Tarfa Narayangaon ,Junnar,Branch Office
412401,Pune,Savargaon ,Junnar,Branch Office
412401,Pune,Vadgaon Sahani ,Junnar,Branch Office
412402,Pune,Avhat ,Khed,Branch Office
412402,Pune,Bhorgiri ,Khed,Branch Office
412402,Pune,Dehane ,Khed,Branch Office
412402,Pune,Eklahare ,Khed,Branch Office
412402,Pune,Kharoshi ,Khed,Branch Office
412402,Pune,Naiphad ,Khed,Branch Office
412402,Pune,Shirgaon ,Khed,Branch Office
412402,Pune,Tokawade ,Khed,Branch Office
412402,Pune,Vada Pune ,Khed,Sub Office
412403,Pune,Dhamari ,Shirur,Branch Office
412403,Pune,Kendur ,Shirur,Branch Office
412403,Pune,Pabal ,Shirur,Sub Office
412404,Pune,Audar ,Khed,Branch Office
412404,Pune,Kadus ,Khed,Sub Office
412404,Pune,Kohinde Bk ,Khed,Branch Office
412404,Pune,Saburdi ,Khed,Branch Office
412404,Pune,Saygaon ,Khed,Branch Office
412404,Pune,Vetale ,Khed,Branch Office
412404,Pune,Washere ,Khed,Branch Office
412405,Pune,Avsari Kh ,Ambegaon,Sub Office
412405,Pune,Gawadewadi ,Ambegaon,Branch Office
412406,Pune,Avasari Bk ,Ambegaon,Sub Office
412406,Pune,Lakhangaon ,Ambegaon,Branch Office
412406,Pune,Nirgudsar ,Ambegaon,Branch Office
412406,Pune,Pargaon Tarfe Avasari ,Ambegaon,Branch Office
412408,Pune,Amondi ,Ambegaon,Branch Office
412408,Pune,Ghodegaon Pune ,Ambegaon,Sub Office
412408,Pune,Girawali ,Ambegaon,Branch Office
412408,Pune,Pimpalgaon Tarfe Ghoda ,Ambegaon,Branch Office
412408,Pune,Sal ,Ambegaon,Branch Office
412409,Pune,Chilewadi ,Junnar,Branch Office
412409,Pune,Dholwad ,Junnar,Branch Office
412409,Pune,Dingore ,Junnar,Branch Office
412409,Pune,Hivare Kh ,Junnar,Branch Office
412409,Pune,Khubi ,Junnar,Branch Office
412409,Pune,Madh ,Junnar,Branch Office
412409,Pune,Mandave ,Junnar,Branch Office
412409,Pune,Netwad ,Junnar,Branch Office
412409,Pune,Otur ,Junnar,Sub Office
412409,Pune,Pargaon Tarfe Madh ,Junnar,Branch Office
412409,Pune,Pimpalgaon Joga ,Junnar,Branch Office
412409,Pune,Rohokadi ,Junnar,Branch Office
412409,Pune,Taleran ,Junnar,Branch Office
412409,Pune,Udapur ,Junnar,Branch Office
412410,Pune,Ane ,Junnar,Branch Office
412410,Pune,Belha ,Junnar,Sub Office
412410,Pune,Mangrul ,Junnar,Branch Office
412410,Pune,Nalavane ,Junnar,Branch Office
412410,Pune,Sakori Tarfe Belha ,Junnar,Branch Office
412411,Pune,Ala Pune ,Junnar,Sub Office
412411,Pune,Alephata ,Junnar,Branch Office
412411,Pune,Bori Bk ,Junnar,Branch Office
412411,Pune,Rajuri ,Junnar,Branch Office
412411,Pune,Vadgaon Anand ,Junnar,Branch Office
412412,Pune,Kandali ,Junnar,Branch Office
412412,Pune,Kolvadi ,Junnar,Branch Office
412412,Pune,Pimpalwandi Pune ,Junnar,Sub Office
412412,Pune,Umbraj ,Junnar,Branch Office
412412,Pune,Vadgaon Kandali ,Junnar,Branch Office
413102,Pune,Baramati Court ,Baramati,Sub Office
413102,Pune,Baramati ,Baramati,Sub Office
413102,Pune,Barhanpur ,Baramati,Branch Office
413102,Pune,Dorlewadi ,Baramati,Branch Office
413102,Pune,Gunawadi ,Baramati,Branch Office
413102,Pune,Jalgaon Kadepathar ,Baramati,Branch Office
413102,Pune,Jhargadwadi ,Baramati,Branch Office
413102,Pune,Karawaghaj ,Baramati,Branch Office
413102,Pune,Karkhel ,Baramati,Branch Office
413102,Pune,Malad ,Baramati,Branch Office
413102,Pune,Medad ,Baramati,Branch Office
413102,Pune,Mekhali ,Baramati,Branch Office
413102,Pune,Nirawaghaj ,Baramati,Branch Office
413102,Pune,Pimpali ,Baramati,Branch Office
413102,Pune,Sangvi ,Baramati,Branch Office
413102,Pune,Shiravali ,Baramati,Branch Office
413102,Pune,Shirsuphal ,Baramati,Branch Office
413102,Pune,Songaon ,Baramati,Branch Office
413102,Pune,Tandulwadi ,Baramati,Branch Office
413102,Pune,Undawadi K P ,Baramati,Branch Office
413102,Pune,Undawadi Supa ,Baramati,Branch Office
413103,Pune,Bawada ,Indapur,Sub Office
413103,Pune,Bhandgaon ,Indapur,Branch Office
413103,Pune,Bhodani ,Indapur,Branch Office
413103,Pune,Lakhewadi ,Indapur,Branch Office
413103,Pune,Pimpri Bk ,Indapur,Branch Office
413103,Pune,Sarati ,Indapur,Branch Office
413103,Pune,Shetphal Haveli ,Indapur,Branch Office
413103,Pune,Surwad ,Indapur,Branch Office
413104,Pune,Belawadi ,Indapur,Branch Office
413104,Pune,Bhavaninagar Pune ,Indapur,Sub Office
413104,Pune,Bori ,Indapur,Branch Office
413104,Pune,Dhekalwadi ,Baramati,Branch Office
413104,Pune,Katyachiwadi ,Baramati,Branch Office
413104,Pune,Kazad ,Indapur,Branch Office
413104,Pune,Kuravali ,Indapur,Branch Office
413104,Pune,Sansar ,Indapur,Branch Office
413104,Pune,Sapkalwadi ,Indapur,Branch Office
413104,Pune,Tavshi ,Indapur,Branch Office
413104,Pune,Udhat ,Indapur,Branch Office
413105,Pune,Bhigwan R S ,Indapur,Sub Office
413105,Pune,Kalas ,Indapur,Branch Office
413105,Pune,Khanote ,Daund,Branch Office
413105,Pune,Rajegaon ,Daund,Branch Office
413105,Pune,Watluj ,Daund,Branch Office
413106,Pune,Bijawadi ,Indapur,Branch Office
413106,Pune,Hingangaon ,Indapur,Branch Office
413106,Pune,Indapur Bazar ,Indapur,Sub Office
413106,Pune,Indapur ,Indapur,Sub Office
413106,Pune,Kalashi ,Indapur,Branch Office
413106,Pune,Kalthan No 1 ,Indapur,Branch Office
413106,Pune,Vadapuri ,Indapur,Branch Office
413110,Pune,Dhakale ,Baramati,Branch Office
413110,Pune,Kambaleshwar ,Baramati,Branch Office
413110,Pune,Loni Bhapkar ,Baramati,Branch Office
413110,Pune,Manappawasti ,Baramati,Branch Office
413110,Pune,Mudhale ,Baramati,Branch Office
413110,Pune,Pandare ,Baramati,Sub Office
413110,Pune,Shirasane ,Baramati,Branch Office
413114,Pune,Anthurne ,Indapur,Branch Office
413114,Pune,Kalamb ,Indapur,Branch Office
413114,Pune,Khorochi ,Indapur,Branch Office
413114,Pune,Lasurna ,Pune Moffusil,Branch Office
413114,Pune,Nimsakhar ,Indapur,Branch Office
413114,Pune,Nirwangi ,Indapur,Branch Office
413114,Pune,Rangaon ,Indapur,Branch Office
413114,Pune,Redni ,Indapur,Branch Office
413114,Pune,Shelgaon ,Indapur,Branch Office
413114,Pune,Shirsatwadi ,Indapur,Branch Office
413114,Pune,Walchandnagar ,Indapur,Sub Office
413115,Pune,Malegaon Bk ,Baramati,Sub Office
413115,Pune,Malegaon Irr Colony ,Baramati,Branch Office
413116,Pune,Khandaj ,Baramati,Branch Office
413116,Pune,Shivnagar ,Baramati,Sub Office
413120,Pune,Ghotondi ,Indapur,Branch Office
413120,Pune,Kati ,Indapur,Branch Office
413120,Pune,Nimgaon Ketki ,Indapur,Sub Office
413120,Pune,Varkute Kh ,Indapur,Branch Office
413120,Pune,Vyahali ,Indapur,Branch Office
413130,Pune,Bhigwan ,Indapur,Sub Office
413130,Pune,Chincholi ,Daund,Branch Office
413130,Pune,Khadaki ,Daund,Branch Office
413130,Pune,Madanwadi ,Indapur,Branch Office
413130,Pune,Malad ,Daund,Branch Office
413130,Pune,Nirgude ,Indapur,Branch Office
413130,Pune,Parwadi ,Baramati,Branch Office
413130,Pune,Ravangaon ,Daund,Branch Office
413130,Pune,Shetfalgade ,Indapur,Branch Office
413132,Pune,Agoti ,Indapur,Branch Office
413132,Pune,Dalaj ,Indapur,Branch Office
413132,Pune,Loni Deokar ,Indapur,Branch Office
413132,Pune,Nhavi ,Indapur,Branch Office
413132,Pune,Palasdeo ,Indapur,Sub Office
413133,Pune,Baramati Midc ,Baramati,Sub Office
413133,Pune,Katfal ,Baramati,Branch Office
413133,Pune,Saval ,Baramati,Branch Office
413801,Pune,Alegaon ,Daund,Branch Office
413801,Pune,Beam Wirelee Station ,Daund,Branch Office
413801,Pune,Boribyal ,Daund,Branch Office
413801,Pune,Daund ,Daund,Sub Office
413801,Pune,Deulgaonraja ,Daund,Branch Office
413801,Pune,Girim ,Daund,Branch Office
413801,Pune,Gopalwadi ,Daund,Branch Office
413801,Pune,Hingniberdi ,Daund,Branch Office
413801,Pune,Kalewadi ,Daund,Branch Office
413801,Pune,Malthan ,Daund,Branch Office
413801,Pune,Nanvij ,Daund,Branch Office
413801,Pune,S R P F Daund ,Daund,Sub Office
413801,Pune,Shirapur ,Daund,Branch Office
413802,Pune,Kurkumbh ,Daund,Branch Office
413802,Pune,Midc Kurkumbh ,Daund,Sub Office
